2016-07-26 18:34:43.284,57,EC549ADB,042,25,001,Routed Singlecast,19 A2 ,09,01,000,003,>25-,Ack,
2016-07-26 18:34:52.604,57,EC549ADB,042,25,001,Routed Singlecast,19 25 03 FF 6F ,03,01,000,000,> 25 -, ,
2016-07-26 18:34:52.605,57,EC549ADB,042,,025,Ack,19 3F ,03,-1,-01,-01,>, ,
2016-07-26 18:34:52.605,58,EC549ADB,042,25,001,Routed Singlecast,19 A1 ,10,01,000,003,>25-,Ack,
2016-07-26 18:34:54.931,58,EC549ADB,042,25,001,Routed Singlecast,19 31 05 04 64 00 02 ED 30 3F ,04,01,000,000,> 25 -, ,
2016-07-26 18:34:54.931,58,EC549ADB,042,,025,Ack,19 38 ,04,-1,-01,-01,>, ,
2016-07-26 18:34:54.932,57,EC549ADB,042,25,001,Routed Singlecast,19 A0 ,11,01,000,003,>25-,Ack,
2016-07-26 18:34:57.352,57,EC549ADB,042,25,001,Routed Singlecast,19 32 02 21 64 00 0D 22 37 00 2F 00 0D 22 37 E1 ,05,01,000,000,> 25 -, ,
2016-07-26 18:34:57.353,57,EC549ADB,042,,025,Ack,19 39 ,05,-1,-01,-01,>, ,
2016-07-26 18:34:57.353,57,EC549ADB,042,25,001,Routed Singlecast,19 A7 ,12,01,000,003,>25-,Ack,
2016-07-26 18:34:59.695,57,EC549ADB,042,25,001,Routed Singlecast,19 32 02 21 74 00 02 ED A2 00 2F 00 0D 22 37 A7 ,06,01,000,000,> 25 -, ,
2016-07-26 18:34:59.697,57,EC549ADB,042,,025,Ack,19 3A ,06,-1,-01,-01,>, ,
